"","Media","Mediana","Q05","Q95"
"5%",60.6132267678495,55.491263707198,28.1121827132777,111.661515495286
