"","Modelo","RMSE"
"1","ARIMA",15.0332408090824
"2","ETS",15.709776636342
